Site,High_NN,Low_NN,High_Phosphate,Low_Phosphate
BP,2.259,15.362,0.203,0.493
W,0.24625,3.2600000000000002,0.105,0.31
